解答文,正答文
"I uselly taking walk about 30 min.before breakfast.","I always go for a walk for about half an hour before breakfast."
"I make it a rule to take a walk for about half an hour before breakfast.","I always go for a walk for about half an hour before breakfast."
"I always take a walk for 30 minutes before breakfast.","I always go for a walk for about half an hour before breakfast."
"I am always going to take a walk 30minutes before breakfast.","I always go for a walk for about half an hour before breakfast."
"I make it a rule to take a walk for half an hour before every breakfast.","I always go for a walk for about half an hour before breakfast."
"I`m thinking about to gone office,no deside yet.","I have not made up my mind yet, but I’m thinking of leaving the company."
"I haven't decided yet, but I'm thinking of quitting the company.","I have not made up my mind yet, but I’m thinking of leaving the company."
"I haven't decided yet, but I am thinking to quit my job.","I have not made up my mind yet, but I’m thinking of leaving the company."
"I don't dicided yet I am thinking of quit the company.","I have not made up my mind yet, but I’m thinking of leaving the company."
"I have not yet decided, but I would like to leave the company.","I have not made up my mind yet, but I’m thinking of leaving the company."
"No staying hollyday,to study coming here.","I’ve come here to make a survey, not to spend my vacation."
"I came here to do some reserch, not to spend holiday.","I’ve come here to make a survey, not to spend my vacation."
"I don't spend the holidays, I came here to do some research.","I’ve come here to make a survey, not to spend my vacation."
"I came here to do some research, not to spend my holidays.","I’ve come here to make a survey, not to spend my vacation."
"I came here not to live a holiday,the way to a search.","I’ve come here to make a survey, not to spend my vacation."
"I have waitting for him this morning,He doesn`t come.","I’ve been waiting since this morning, but he still hasn’t come."
"I have been waiting since this morning, but he has not shown up yet.","I’ve been waiting since this morning, but he still hasn’t come."
"I have been waiting since this morning, he has not turned up yet.","I’ve been waiting since this morning, but he still hasn’t come."
"He has not appeared still even though I have waited from this morning.","I’ve been waiting since this morning, but he still hasn’t come."
"Although I wait him morning,he do not appear yet","I’ve been waiting since this morning, but he still hasn’t come."
"I did't spend money that I thought","Living in Canada was not as expensive as I thought it would be."
"Life in Canada was not as expensive as I thoght.","Living in Canada was not as expensive as I thought it would be."
"Living in Canada didn't cost much than I had expected.","Living in Canada was not as expensive as I thought it would be."
"I did not consume the money for Canadian life rather than I predicted before.","Living in Canada was not as expensive as I thought it would be."
"Living in Canada do not cost money than I think.","Living in Canada was not as expensive as I thought it would be."
"The plane has gone when we arrived at airport.","When we got to the airport, the airplane had already left."
"When we arrived at the airport, the plane had already taken off.","When we got to the airport, the airplane had already left."
"When we arrived the airport, the aiplain have already taken off.","When we got to the airport, the airplane had already left."
"When I arrived the airport, the flight had already taken off.","When we got to the airport, the airplane had already left."
"The airplane have already departed when we arrived at the airport.","When we got to the airport, the airplane had already left."
"If I had money,I would stay one more night.","If I had more money, I could stay one more night."
"If I have money , I stay one more night.","If I had more money, I could stay one more night."
"If I have money, I would stay one more night.","If I had more money, I could stay one more night."
"If I have money I will stay one more night.","If I had more money, I could stay one more night."
"I would like to stay one more night if I have money.","If I had more money, I could stay one more night."
"If I was hurr up, I made to ride on the last train last night.","If I had hurried last night, I could have caught the last train."
"I would be on time last night if I go hurrily.","If I had hurried last night, I could have caught the last train."
"Last night, if I had been in a rush, I could have caught the last train","If I had hurried last night, I could have caught the last train."
"Last night, if I harried up, I were able to take the train.","If I had hurried last night, I could have caught the last train."
"I have riden by last train last night.","If I had hurried last night, I could have caught the last train."
"Please tell me,Will the fast train  arrive at Shizuoka from Tokyo 9am?","Could you tell me whether the 9 a.m Shinkansen stopes at Shizuoka?"
"Please tell me if the Shinkansen leaving at 9 a.m. stops at Shizuoka.","Could you tell me whether the 9 a.m Shinkansen stopes at Shizuoka?"
"I would like to know if the high speed train departing at 9am stop by Shizuoka.","Could you tell me whether the 9 a.m Shinkansen stopes at Shizuoka?"
"Could you tell me if the Shinkansen departing at 9am will stop in Shizuoka.","Could you tell me whether the 9 a.m Shinkansen stopes at Shizuoka?"
"Could you please teach me whether Shinkansen departing at 9 AM stop Shizuoka or not ?","Could you tell me whether the 9 a.m Shinkansen stopes at Shizuoka?"
"Bride and groom go honeymoon by express at 5:30.","the bride and groom are leaving on their honeymoon on the 5:30 express."
"The bride and har hasband take the 5:30 express train for their haneymoon.","the bride and groom are leaving on their honeymoon on the 5:30 express."
"The bloom and bride will be going to their honeymoon on the express train five thirty","the bride and groom are leaving on their honeymoon on the 5:30 express."
"The bride and groom will go on their honeymoon on the express train at 5:30.","the bride and groom are leaving on their honeymoon on the 5:30 express."
"New merring men and women are leaving travel of marring by special train half to 5 o'clock.","the bride and groom are leaving on their honeymoon on the 5:30 express."
"We have been living at hotel until finding some apart anyday.","We are living in a hotel for the time being, but we are going to find an apartment pre"tty soon.
"We are living in a hotel for long time, but will find an apartment after a while.","We are living in a hotel for the time being, but we are going to find an apartment pre"tty soon.
"We've been staying hotel for the time being, however we are planning to find a room for rent in the near future.","We are living in a hotel for the time being, but we are going to find an apartment pre"tty soon.
"We live in a hotel for a while, we would find an apartment.","We are living in a hotel for the time being, but we are going to find an apartment pre"tty soon.
"We will find a manshon","We are living in a hotel for the time being, but we are going to find an apartment pre"tty soon.
"I will diside absent scool and stay home,it will be recove from cold couple of days.","If he stays home from school for a few days, he will get over his cold."
"If he stays home from school, he will get over his cold in a few days.","If he stays home from school for a few days, he will get over his cold."
"He must recover from sick in a few days if he absents from school and stay in his house","If he stays home from school for a few days, he will get over his cold."
"If he will be absent from school to stay home. his cold is must be cured.","If he stays home from school for a few days, he will get over his cold."
"If he is absent from school and stays home, he must be able to get over his cold within a few days.","If he stays home from school for a few days, he will get over his cold."
"Foreign tourist to visit Japan increase year by year.","Every year more and more foreign tourists are visiting Japan."
"The number of foreigners visiting Japan is increasing year by year.","Every year more and more foreign tourists are visiting Japan."
"The number of foreign tourists who visit Japan is increasing.","Every year more and more foreign tourists are visiting Japan."
"The number of visitors from foreigen countries to Japan is increasing year by year.","Every year more and more foreign tourists are visiting Japan."
"It is  yearly incline that other country tourists visit Japan.","Every year more and more foreign tourists are visiting Japan."
"I went to Enoshima for the swimming the summer before last,","I went swimming in Enoshima the summer before last."
"I went to Enoshima for sea bathing in summer two years ago.","I went swimming in Enoshima the summer before last."
"I went to Enoshima to swim in the summer before last year.","I went swimming in Enoshima the summer before last."
"In the summmer two years ago,I went bathing to Enoshima beach.","I went swimming in Enoshima the summer before last."
"I went to swin at Enoshima the summer before last year.","I went swimming in Enoshima the summer before last."
"These days, many people do most of their business with their cellphones.","Nowadays many people get almost everything done by using their cellphones."
"In these days, a lot of people do every thing with cell phone.","Nowadays many people get almost everything done by using their cellphones."
"These days, many people use their mobile phones to do most work they have to.","Nowadays many people get almost everything done by using their cellphones."
"In these days, most of the things can be done by mobile phones.","Nowadays many people get almost everything done by using their cellphones."
"Recently,many people do most of their work by using thier cellphone.","Nowadays many people get almost everything done by using their cellphones."
"The Cabinet's approval rating has soared sicce the past two months.","The approval rating for the Cabinet has been rising sharply for the last two months."
"Number of person agree with minister increased in this two month.","The approval rating for the Cabinet has been rising sharply for the last two months."
"In the last two months, the rate of support for the government increased rapidly.","The approval rating for the Cabinet has been rising sharply for the last two months."
"The supportive rate for the government has surged in these two months.","The approval rating for the Cabinet has been rising sharply for the last two months."
"The rating of    is increased rapidly in this two months.","The approval rating for the Cabinet has been rising sharply for the last two months."
"What do you do first,when you wake up the morning?","What is the first thing you do after you get up?"
"What do you do first when you get up.","What is the first thing you do after you get up?"
"What do you do first when you wake up in the morning?","What is the first thing you do after you get up?"
"What to do first in the morning.","What is the first thing you do after you get up?"
"What do you do first when you wake up in the morning?","What is the first thing you do after you get up?"
"It is better that is secret.","You should leave it unsaid."
"You had better keep it a secret.","You should leave it unsaid."
"You had better keep it a secret.","You should leave it unsaid."
"It's better to keep it a secret.","You should leave it unsaid."
"It is better for you to keep it secret.","You should leave it unsaid."
"The minister had no choice but to take back what he had said.","The minister had to admit that what he said was wrong."
"The minister had to withdrae his comment.","The minister had to admit that what he said was wrong."
"The minister had no way except taking back what he said.","The minister had to admit that what he said was wrong."
"The minister had to admit what he said was wrong.","The minister had to admit that what he said was wrong."
"The minister forced to cancel previous opinion.","The minister had to admit that what he said was wrong."
"After I lost her, I realized that there was something money couldn't buy for the first time.","I had thought I could buy anything with money until I lost her."
"I knew there is a thing not to buy money to lose her.","I had thought I could buy anything with money until I lost her."
"I noticed of that there is something that cannnot buy in the first time after breaking up with my girlfriend.","I had thought I could buy anything with money until I lost her."
"Only when I had lost her, I knew that there are things that I can't buy with money.","I had thought I could buy anything with money until I lost her."
"I lost her and this was the first time for me to find out that there was cashless.","I had thought I could buy anything with money until I lost her."
"Recentlly,It be abel to take abroad trips cheeply couse preousiou en.","Thanks to the strong yen, we can travel abroad for less money these days."
"Thanks to the increase of yen's value, we can travel abroad at a lower price.","Thanks to the strong yen, we can travel abroad for less money these days."
"Thanks to the strong yen, you can enjoy traveling abroad in low prices recently.","Thanks to the strong yen, we can travel abroad for less money these days."
"Thanks to the strong yen, it has become possible to travel abroad cheaply in these days.","Thanks to the strong yen, we can travel abroad for less money these days."
"Recently,someone can go abroad to expensive yen.","Thanks to the strong yen, we can travel abroad for less money these days."
"Please help me to carry this box.","Could you give me a hand with this box?"
"Could you help me carry yhis box.","Could you give me a hand with this box?"
"Could you give me a hand to bring this box.","Could you give me a hand with this box?"
"Could you please help us to bring this box ?","Could you give me a hand with this box?"
"please help me to carrying the box.","Could you give me a hand with this box?"
"When I was shopping ,I met old friend,Jim.","I was shopping I ran into Jim, an old friend of mine."
"While I went shopping at that store, Imet an old friend,Jim.","I was shopping I ran into Jim, an old friend of mine."
"I was shopping at that store, I met old friend Jim.","I was shopping I ran into Jim, an old friend of mine."
"I met Jim who is my old friend, when I bought someone in it's store.","I was shopping I ran into Jim, an old friend of mine."
"When I was shopping this store,I met Jim of old friend.","I was shopping I ran into Jim, an old friend of mine."
"Fire men came at burns place 30 minuts later.","The fire brigade arrived 30 minutes after the fire broke out."
"Firefighters arrived 30 minutes after the fire accident broke out.","The fire brigade arrived 30 minutes after the fire broke out."
"The firefighters arrived after the fire got started.","The fire brigade arrived 30 minutes after the fire broke out."
"Firemen reached 30 minitues after the fire happened.","The fire brigade arrived 30 minutes after the fire broke out."
"it have arrived at 30 minutes later since causing  fire.","The fire brigade arrived 30 minutes after the fire broke out."
"Mr.White worked hard to feed his four family.","Mr. White worked hard to support a family of four."
"Mr. White worked hard in order to taking care of his family of 4.","Mr. White worked hard to support a family of four."
"Mr,White worked hardly to feed his family of 4.","Mr. White worked hard to support a family of four."
"White-san worked hard to support his family of four.","Mr. White worked hard to support a family of four."
"Mr,white worked hard to grow four person family.","Mr. White worked hard to support a family of four."
"I walked softly so that the baby wouldn't wake up.","I crept around so as not to wake up the baby."
"I walked slowly not to wake up baby.","I crept around so as not to wake up the baby."
"I walked slowly to not wake the baby up.","I crept around so as not to wake up the baby."
"I walked quietly not to awake the baby.","I crept around so as not to wake up the baby."
"I walked quietly so that the baby wouldn't wake up.","I crept around so as not to wake up the baby."
"This song make me remember to presious memory when we had stayed N.Y.","When I hear this song, I’m always reminded of the days when we lived in New York."
"When I was listen to the music, I recognized the days in New York.","When I hear this song, I’m always reminded of the days when we lived in New York."
"This song always reminds me of the day we epend in New York.","When I hear this song, I’m always reminded of the days when we lived in New York."
"Whenever I hear this song, which reminds me the days we spend in New York.","When I hear this song, I’m always reminded of the days when we lived in New York."
"Whenever I hear this song, I remember the days I spent in New York.","When I hear this song, I’m always reminded of the days when we lived in New York."
"It is strang that no tenderlling own home.","Most people love their hometown."
"There is rarely noone who doesn't have even a little love towards their own hometown.","Most people love their hometown."
"Hardly ever don't feel emotions  own town.","Most people love their hometown."
"Few people feel no affection for their hometown.","Most people love their hometown."
"It is rare person that one's hometown do not feel in love.","Most people love their hometown."
"If you want to pass exam of uni, you should be sutdy hard.","Whether you pass the university entrance exam or not will depend on how much work you "do over the coming year.
"It depends on the amount of study you do in the next one year whether you pass the exam of college.","Whether you pass the university entrance exam or not will depend on how much work you "do over the coming year.
"Whether you pass the entrance exam for the university or not will be up to how mucu you study hard next one year.","Whether you pass the university entrance exam or not will depend on how much work you "do over the coming year.
"Whether you pass the test for univercity depends on your amount of study over the next year.","Whether you pass the university entrance exam or not will depend on how much work you "do over the coming year.
"you do amount of the studying whether to pass university.","Whether you pass the university entrance exam or not will depend on how much work you "do over the coming year.
"Washing your hands carefully is the best way to stop the spread of germs.","The best way to prevent the spread of germs is to wash your hands thoroughly."
"to wash hands politely is the best way to stop movement of bacteria.","The best way to prevent the spread of germs is to wash your hands thoroughly."
"Washing hands cleanly is the best way to prevent to not spread virus.","The best way to prevent the spread of germs is to wash your hands thoroughly."
"Washing your hands neatly is the best way to curb the spreading of germs.","The best way to prevent the spread of germs is to wash your hands thoroughly."
"It is the best way to wash hands many times in order to avoid spreading the virus.","The best way to prevent the spread of germs is to wash your hands thoroughly."
"Cheap sales are not in the interest of all consumers.","Not all bargains mean saving for the consumers."
"To sale is not necessary benefit of all customer.","Not all bargains mean saving for the consumers."
"Not all consumers think that cheap sales will be benefit.","Not all bargains mean saving for the consumers."
"Bargains are not customers.","Not all bargains mean saving for the consumers."
"The cheep does not always lead to consumer's benefit.","Not all bargains mean saving for the consumers."
"No beautiful even mothers love child.","Nothing is as beautiful as a mother’s love for her children."
"There is nothing more beautiful than a mother's love for her child.","Nothing is as beautiful as a mother’s love for her children."
"Nothing is more beautiful than a mother's love for her child.","Nothing is as beautiful as a mother’s love for her children."
"There is no beautiful thing rather than lovely passion to child from mother.","Nothing is as beautiful as a mother’s love for her children."
"No other beautiful thing love  mother to son.","Nothing is as beautiful as a mother’s love for her children."
"There is USA army in Okinawa even other pri in Japan.","Nowhere in Japan are there as many U.S. military bases as in Okinawa."
"Okinawa is only the place where so many American military bases placed in.","Nowhere in Japan are there as many U.S. military bases as in Okinawa."
"No other in Japan, Okinawa prefecture","Nowhere in Japan are there as many U.S. military bases as in Okinawa."
"No other prefecture in Japan has as many US military bases as Okinawa.","Nowhere in Japan are there as many U.S. military bases as in Okinawa."
"No other prefecture of Japan are a lot of American base in Okinawa.","Nowhere in Japan are there as many U.S. military bases as in Okinawa."
"I`ve ever find heavy taihoon first time.","This is the worst typhoon I’ve experienced."
"I never had such a terrible typhoon.","This is the worst typhoon I’ve experienced."
"It's been a first time for me to experience such a strong typhoon.","This is the worst typhoon I’ve experienced."
"A typhoon is for the first time in my life.","This is the worst typhoon I’ve experienced."
"For the first time in my life,it is terrible typhoon.","This is the worst typhoon I’ve experienced."
"Generally speaking,people become kind as the get older.","Generally speaking, the older people get, he more broad-minded they become."
"In general , Man his age","Generally speaking, the older people get, he more broad-minded they become."
"Generally speaking, the older people become, the more generous they become.","Generally speaking, the older people get, he more broad-minded they become."
"Generally speaking, people get generous as they get older.","Generally speaking, the older people get, he more broad-minded they become."
"In general, the more people become older, the more people become tolerable.","Generally speaking, the older people get, he more broad-minded they become."
"I came to home until 20 years.","I went back to my hometown for the first time in twenty years the other day."
"I went to hometown the other day for the first time in 20 years.","I went back to my hometown for the first time in twenty years the other day."
"I went home for the first time in 20years the other day.","I went back to my hometown for the first time in twenty years the other day."
"The other day I went home for the first time in 20 years.","I went back to my hometown for the first time in twenty years the other day."
"I have been to home last month since 20 years.","I went back to my hometown for the first time in twenty years the other day."
"Local people said it is rare in this fine weather.","The local people said that it was the most beautiful day for years."
"The local people said that it has been a long time since we have had such a good weather.","The local people said that it was the most beautiful day for years."
"Local persons said It's been a while such a beatiful weather we have.","The local people said that it was the most beautiful day for years."
"Local people said that there was no such sunny day for a long time.","The local people said that it was the most beautiful day for years."
"Person of this resion said it is very good weather.","The local people said that it was the most beautiful day for years."
"Cherry blossoms bloom around the end of March and bloom in early April ln this region.","In this area, the cherry blossoms come out around the end of March, and they are at th"eir best in early April.
"cherry blossom start blooming in march and become full in april in ～（の）area.","In this area, the cherry blossoms come out around the end of March, and they are at th"eir best in early April.
"In the area, the cherry blossoms bloom at the end of March and become full bloom in early April.","In this area, the cherry blossoms come out around the end of March, and they are at th"eir best in early April.
"In this area, cherry blossoms start to bloom in the end of March, and they are in full bloom in the beginning of April.","In this area, the cherry blossoms come out around the end of March, and they are at th"eir best in early April.
"The sakura start blooming at the end of March and it fully blooms at early of April.","In this area, the cherry blossoms come out around the end of March, and they are at th"eir best in early April.
"You are better to stay here for miniuts,it heavy rain outside.","It’s pouring down outside. I think it would be better to stay here a little longer."
"Because it rains heavily in ?, you better staying here for a while.","It’s pouring down outside. I think it would be better to stay here a little longer."
"Because of heavy rain, you should stay here for a while.","It’s pouring down outside. I think it would be better to stay here a little longer."
"It's raining terribly outside,so it is better for you to stay here for a a while.","It’s pouring down outside. I think it would be better to stay here a little longer."
"you had better be here because of heavy rain.","It’s pouring down outside. I think it would be better to stay here a little longer."
"I think weather is changing reacentlly.","These days the weather is changeable. "
"These days, climate frequently changes.","These days the weather is changeable. "
"Recently,the weather is so changeable.","These days the weather is changeable. "
"Recently, the weather changes easily.","These days the weather is changeable. "
"Recently,It tend to chenge the weather.","These days the weather is changeable. "
"It has been raining on and off for nearly two weeks since the rainy season began.","Since the rainy season set in, it has been raining off and on for nearly two weeks."
"Rain sometimes in this two weeks","Since the rainy season set in, it has been raining off and on for nearly two weeks."
"Since rainy season came, it rains repeatedly for two weeks.","Since the rainy season set in, it has been raining off and on for nearly two weeks."
"It rains and stop from enter the rainy season.","Since the rainy season set in, it has been raining off and on for nearly two weeks."
"After entering the Tsuyu, the rain is started or stopped many times for two weeks.","Since the rainy season set in, it has been raining off and on for nearly two weeks."
"Shall we go to take hikking to Okutama if good weather next Sunday?","How would you like to go hiking in Okutama next Sunday if the weather is nice."
"Why don't we go hiking if the weather is fine this Sunday.","How would you like to go hiking in Okutama next Sunday if the weather is nice."
"When it will be good weather, would you go hiking to Okutama next Sunday.","How would you like to go hiking in Okutama next Sunday if the weather is nice."
"May I go to the hiking in Okutama with you if the wether of the coming Sunnday is fine ?","How would you like to go hiking in Okutama next Sunday if the weather is nice."
"When shall we do hiking next summer,it will be sunny.","How would you like to go hiking in Okutama next Sunday if the weather is nice."
"Weather forecast says Typhoon will come near to Kyushu area in around midnighit tonight.","The weather repot says that the typhoon is going to hit the Kyusyu area around midnigh"t.
"According to forecast, the typhoon is approaching Kyushu-area around this midnight.","The weather repot says that the typhoon is going to hit the Kyusyu area around midnigh"t.
"According to the weather forecast, the tayhoon will reach the Kyushu-reagion aroud midnight.","The weather repot says that the typhoon is going to hit the Kyusyu area around midnigh"t.
"According to weather broadcast,typhoon is near resion in Kyusyu tonight.","The weather repot says that the typhoon is going to hit the Kyusyu area around midnigh"t.
"The weather report says that the typhoon will arrive to Kyushu areas around the midnight tonight.","The weather repot says that the typhoon is going to hit the Kyusyu area around midnigh"t.
"It Tokyo is better climet than my home country.","The climate in Tokyo is much milder than that in my hometown."
"The climate of Tokyo is much milder than that of my hometown.","The climate in Tokyo is much milder than that in my hometown."
"The climate in Tokyo is much milder than in my hometown.","The climate in Tokyo is much milder than that in my hometown."
"The climate in Tokyo is milder than that is in my hometown.","The climate in Tokyo is much milder than that in my hometown."
"The wether of Tokyo is more liveable than my local reagion.","The climate in Tokyo is much milder than that in my hometown."
"This winter,we have much more snow than usual.","We’ve had more snow than usual this winter."
"This winter has a lot of snow .","We’ve had more snow than usual this winter."
"It unprecedentedly snows a lot this year.","We’ve had more snow than usual this winter."
"There is more snow this year than usual.","We’ve had more snow than usual this winter."
"This winter there are a lot of snow rather than other year.","We’ve had more snow than usual this winter."
"It is heavy snow to become 20 years before.","This is the heaviest snowfall we’ve had for the past twenty years."
"It's been a 20 years since snowing such a lot.","This is the heaviest snowfall we’ve had for the past twenty years."
"The heaviest snowfall in recent 20 years.","This is the heaviest snowfall we’ve had for the past twenty years."
"Such large snow is the first time after the large snow twenty years ago.","This is the heaviest snowfall we’ve had for the past twenty years."
"It have been very snow since 20 years.","This is the heaviest snowfall we’ve had for the past twenty years."
"Because bus was late in 20minuites according to traffic jam.","The traffic was heavy, so my bus came twenty minutes late."
"The bus was 20 minutes late because the road was crowded.","The traffic was heavy, so my bus came twenty minutes late."
"Because of the heavy traffic, the bus was late 20 minites as it scheduled.","The traffic was heavy, so my bus came twenty minutes late."
"Because the bus was delayed for 20 minitues by the road traffic.","The traffic was heavy, so my bus came twenty minutes late."
"Because of crowding a way","The traffic was heavy, so my bus came twenty minutes late."
"I have never ever no  accident,even thought I have taking car 30 yarys.","I have been driving for almost thirty years, but fortunately I have never had an accid"ent.
"I have been driving a car almost for thirty years,but I have no car accidents fortunately.","I have been driving for almost thirty years, but fortunately I have never had an accid"ent.
"I fortunately haven't got a car accident for 30 years since I started driving a car.","I have been driving for almost thirty years, but fortunately I have never had an accid"ent.
"I have been driving almost 30years, fortunatery I have never had traffic accidents.","I have been driving for almost thirty years, but fortunately I have never had an accid"ent.
"I've been driving a car for almost 30 years, and fortunately I've never had an accident.","I have been driving for almost thirty years, but fortunately I have never had an accid"ent.
"I had shocked to see the nursery kid had bump of truck this trrafic jam this street.","I was shocked at how a small child was run over by a truck at this corner."
"I was shocked that I bumped into the accident which a track drove away a kindergarden student on the cross road in this street.","I was shocked at how a small child was run over by a truck at this corner."
"I was shocked I saw a Kindergarten  child was hit by the track the intersection of this street,","I was shocked at how a small child was run over by a truck at this corner."
"I was very shocked to see that the truck went over the child at the crossroad of this street.","I was shocked at how a small child was run over by a truck at this corner."
"I was shocked that younger child attacked by track closs road of the way .","I was shocked at how a small child was run over by a truck at this corner."
"It shoud make accident,if he were to ride on that train.","If he had been on the train, he would have been in the accident."
"If he had taken the train, he would have been involved in an accident.","If he had been on the train, he would have been in the accident."
"If he was on the train, he would have been in the accident.","If he had been on the train, he would have been in the accident."
"If he took the train he would got involved in an accident.","If he had been on the train, he would have been in the accident."
"If he ride the train, he might have been involved in the accident.","If he had been on the train, he would have been in the accident."
"It takes one day to go Osaka from Tokyo by car, but one hour by airplane.","It would take a whole day to get to Osaka from Tokyo by car, but only an hour by plane".
"It takes a whole day from Tokyo to Osaka by car, but it takes an hour by airplane.","It would take a whole day to get to Osaka from Tokyo by car, but only an hour by plane".
"It takes a day from Tokyo to Osaka by car, it takes an hour by plane.","It would take a whole day to get to Osaka from Tokyo by car, but only an hour by plane".
"It takes a day to go to Tokyo from Osaka by car, but it takes an hour by airplane.","It would take a whole day to get to Osaka from Tokyo by car, but only an hour by plane".
"it cosy a day Tokyo to Osaka by car but a minutes by train.","It would take a whole day to get to Osaka from Tokyo by car, but only an hour by plane".
"I stood all the time because bus and train was very clowed.","Both the train and the bus were jam-packed, so I had to stand all the way."
"The trains and buses were so crowded that I have to stand the whole time.","Both the train and the bus were jam-packed, so I had to stand all the way."
"Because both the train and the bus were crowded, I kept standing all the time.","Both the train and the bus were jam-packed, so I had to stand all the way."
"I stood for a long time because the train or the bus was very crowdy.","Both the train and the bus were jam-packed, so I had to stand all the way."
"I was standing all the time because train and bus crowded.","Both the train and the bus were jam-packed, so I had to stand all the way."
"I was so tired, when I arrived at the my destination place.","I was tired out by the time I got to my destination."
"I was tired when I arrived at destination.","I was tired out by the time I got to my destination."
"I was very tired when I arrived at my goal.","I was tired out by the time I got to my destination."
"When I arrived the destination, I was exhausted.","I was tired out by the time I got to my destination."
"I was very tired when I reached the objective place.","I was tired out by the time I got to my destination."
"I have know idea people`s thinking are valious that hobby as well.","Different people like different things. You can't tell what someone is interested in."
"People have different ideas. You don't know who has what hobby.","Different people like different things. You can't tell what someone is interested in."
"Everyone has different thoughts. We wouldn't know what hobbies people have.","Different people like different things. You can't tell what someone is interested in."
"People have different thought. It is not predictable that indivisulas have what kind of hobby.","Different people like different things. You can't tell what someone is interested in."
"A person is diffirent from thinking. I do not know who have a hobby.","Different people like different things. You can't tell what someone is interested in."
"I have having over 2 o`clock, to make me fever reading scorrer novel last night.","That detective story was so good I couldn't put it down until two this morning."
"I stayed up late until 2 a.m.last night, because I was so absorbed in that detective novel.","That detective story was so good I couldn't put it down until two this morning."
"I stayed away by 2 am because I was into the mistery novel last night.","That detective story was so good I couldn't put it down until two this morning."
"I was absorbed in reading detective novels so I was up till 2 am last night.","That detective story was so good I couldn't put it down until two this morning."
"Last night, I was crazy for the cetective novel, so I stayed up late until 2 am.","That detective story was so good I couldn't put it down until two this morning."
"No ambisious this nobel just mede to read even I have ever read books.","The novel I've just finished is the best one I've ever read."
"I've never been more impressed than the novels I've just read of all the books I've read.","The novel I've just finished is the best one I've ever read."
"This novel that I have just finished reading is the most impressive one among the others that I read so far.","The novel I've just finished is the best one I've ever read."
"I have never been impressed so much by all the books I had ever read than the novel I've just finished reading.","The novel I've just finished is the best one I've ever read."
"Among many books I have read, there is no impressive book rather than the novel which I have just finished reading.","The novel I've just finished is the best one I've ever read."
"To read book we must use imagination proactively.","If you want to get the most out of book, you have to make a conscious effor to stretch" your imagination.
"It is because reading books requires an aggresive imagination.","If you want to get the most out of book, you have to make a conscious effor to stretch" your imagination.
"Because you need to use your imagination when you read books.","If you want to get the most out of book, you have to make a conscious effor to stretch" your imagination.
"To read a book, you need to use your imagination activetly.","If you want to get the most out of book, you have to make a conscious effor to stretch" your imagination.
"To read a book must be imagine.","If you want to get the most out of book, you have to make a conscious effor to stretch" your imagination.
"We must not forget that reading is one of cultural heritage to teach the children.","We should bear in mind that reading is a part of our cultural heritage that we must ha"nd down to our children.
"We shouldn't forget that reading book is one of the cultural heritages that we have to take over to our children.","We should bear in mind that reading is a part of our cultural heritage that we must ha"nd down to our children.
"Don't forget reading books is part of cultural heritage we tell children.","We should bear in mind that reading is a part of our cultural heritage that we must ha"nd down to our children.
"We remember the reading book is the one of the culture heritage which we have to tell our children.","We should bear in mind that reading is a part of our cultural heritage that we must ha"nd down to our children.
"Reading a book","We should bear in mind that reading is a part of our cultural heritage that we must ha"nd down to our children.
"It is very dengerous driving car after drinking 2 bottles vwisky.","It would be dangerous to drink two bottles of whiskey and drive a car."
"It is dangerous to drive a car after you drink two bottles of whiskey.","It would be dangerous to drink two bottles of whiskey and drive a car."
"It is dangerous to drive a car after drinking two bottles of whisky.","It would be dangerous to drink two bottles of whiskey and drive a car."
"It is degerous to drive the car after drinking two bottles of the whiskey.","It would be dangerous to drink two bottles of whiskey and drive a car."
"It is danger to drive a car opening two wiskey bottles.","It would be dangerous to drink two bottles of whiskey and drive a car."
"Most Japanese high school students go to cram schools to prepare for college entrance exams.","Most Japanese high school students go to a cram school to prepare for college entrance" exams.
"Most of high school students in Japan go to Juku to prepare for entrance exam.","Most Japanese high school students go to a cram school to prepare for college entrance" exams.
"Many Japanese high school students go to cram school to prepare for university entrance exams.","Most Japanese high school students go to a cram school to prepare for college entrance" exams.
"Most Japanese high school students, they go to cram school to prepare for college entrance exam.","Most Japanese high school students go to a cram school to prepare for college entrance" exams.
"Most Japanese high school students go to cram schools to prepare for the university entrance exams.","Most Japanese high school students go to a cram school to prepare for college entrance" exams.
"I was asked next grandmother, Where are you going to? on the train.","An elderly woman sitting next to me on the train asked me where I was going."
"I was asked by a elderly woman sitting next seat in the train where I was going to.","An elderly woman sitting next to me on the train asked me where I was going."
"An old woman sitting next to me in a train, she asked me how far will yo go?","An elderly woman sitting next to me on the train asked me where I was going."
"I was asked where did you go by the old woman who sat down aside me.","An elderly woman sitting next to me on the train asked me where I was going."
"I was asked a old mother who I was sitted side by side a train,she said where do you going?","An elderly woman sitting next to me on the train asked me where I was going."
"It is noimpposibe to make big earthquork.","It is impossible to predict where and when there will be a major earthquake."
"It is unexpected that in where big earthquakes occur","It is impossible to predict where and when there will be a major earthquake."
"We don't know when and where the big earthquake will occur.","It is impossible to predict where and when there will be a major earthquake."
"It is not predicable when or where the earthquake occurs.","It is impossible to predict where and when there will be a major earthquake."
"It is not expect to cause a huge earthquick.","It is impossible to predict where and when there will be a major earthquake."
"I was worried about that even Tom has made job.","Tom insisted that everythig would be all right, but I couldn't help feeling worried."
"Tom said that everything would be all right, but I was so nervous.","Tom insisted that everythig would be all right, but I couldn't help feeling worried."
"Tom said that he has confidence that everthing goes well, but I was worried so much.","Tom insisted that everythig would be all right, but I couldn't help feeling worried."
"Tom everything will go well but I worried about that too much.","Tom insisted that everythig would be all right, but I couldn't help feeling worried."
"Even though Tom said there was no problem, I was very concerned.","Tom insisted that everythig would be all right, but I couldn't help feeling worried."
"I had no idea, what I said hurt her.","It never occurred to me that my remark might hurt her feelings."
"I don't expected I hurt her with my comment.","It never occurred to me that my remark might hurt her feelings."
"I didn't even think that what I said hurts her feeling.","It never occurred to me that my remark might hurt her feelings."
"I didn't expect my comment might hurt her.","It never occurred to me that my remark might hurt her feelings."
"I never expected that my words hurt her.","It never occurred to me that my remark might hurt her feelings."
"I have decided to srech for job in abroad after graduate to the Univercity.","I've decided to look for a job abroad when I graduate from college."
"I decided to look for a job abroad after I graduate from college.","I've decided to look for a job abroad when I graduate from college."
"I dicided when I graduate university  I will find a job overseas.","I've decided to look for a job abroad when I graduate from college."
"When I graduate university, I will look for a job abroad.","I've decided to look for a job abroad when I graduate from college."
"I decide to find a job when I will guraduate college.","I've decided to look for a job abroad when I graduate from college."
"When I was a teenager, I lived in Canada for three years because of my father's job.","I lived in Canada for three years when I was in my teens because my father was transfe"rred there.
"I have lived in Canada in teenager because of my father's work.","I lived in Canada for three years when I was in my teens because my father was transfe"rred there.
"When I was teenager, I had lived in Canada for three years due to my father's work.","I lived in Canada for three years when I was in my teens because my father was transfe"rred there.
"When I was a teenager, I had lived in Canada for three years with my father's job.","I lived in Canada for three years when I was in my teens because my father was transfe"rred there.
"When I was a teenager, I lived in Canada for three years because of my father's work.","I lived in Canada for three years when I was in my teens because my father was transfe"rred there.
"Because of internet, sales of personal computer is increasing in this several years.","The Internet is widely used, so sales of personal computers have been rapidly increasi"ng over the last few years. 
"In addition to the spread of the Internet, the sales of PC have been increasing rapidly in the past few years.","The Internet is widely used, so sales of personal computers have been rapidly increasi"ng over the last few years. 
"With the spread of the Internet, sales of computer have been increasing dramatically in the past few days.","The Internet is widely used, so sales of personal computers have been rapidly increasi"ng over the last few years. 
"In recent years, with the spread of the internet, sales of personal computers have increased rapidly.","The Internet is widely used, so sales of personal computers have been rapidly increasi"ng over the last few years. 
"Latest years, sales of a computer suddenly incline by spending of internet.","The Internet is widely used, so sales of personal computers have been rapidly increasi"ng over the last few years. 
"When I got on the train this morning, I couldn't find an empty seat.","When I got on the train this morning, I couldn't find an empty seat."
"When I take a train in this morning, I can't find vacant seat.","When I got on the train this morning, I couldn't find an empty seat."
"When I got on a train in this morning, I couldn't find an empty seat.","When I got on the train this morning, I couldn't find an empty seat."
"When I took the train this morning, I didn't find vacancy.","When I got on the train this morning, I couldn't find an empty seat."
"When I got on the train this morning, I couldn't find a vacant seat.","When I got on the train this morning, I couldn't find an empty seat."
"I don't wear glasses now, so I don't understand what that sign says.","I'm not wearing glasses now, so I can't make out what the sign says."
"I can't understand the sign because I don't wear eyeglass.","I'm not wearing glasses now, so I can't make out what the sign says."
"Because I don't have my glasses now, I don't know what the poster says.","I'm not wearing glasses now, so I can't make out what the sign says."
"As I don't wear glasses now, I can't read what's on the sign.","I'm not wearing glasses now, so I can't make out what the sign says."
"Now I'm not wearing my glasses, so I can not understand what the sign says.","I'm not wearing glasses now, so I can't make out what the sign says."
"Humans have the ability to express what they think, by five years to six years.","Humans learn to express what they think by the age of five or six."
"They have ability to express what they think in their age of 5 or 6.","Humans learn to express what they think by the age of five or six."
"All human-being acquires an ability to express what they think when 5 to 6 years old.","Humans learn to express what they think by the age of five or six."
"Humans are around 5～6years old, they have the ability to express what they think.","Humans learn to express what they think by the age of five or six."
"By the age of 5-6, humans will have the ability to express what they think.","Humans learn to express what they think by the age of five or six."
"I made it  for  your drawing  map.","Thanks to the map you drew me the other day, I managed to get here without getting los"t.
"Thanks to the map written the other day, I was able to come here.","Thanks to the map you drew me the other day, I managed to get here without getting los"t.
"Thanks to the map you wrote the other day, I could come here without getting lost.","Thanks to the map you drew me the other day, I managed to get here without getting los"t.
"Thanks to the map that you drew the other day, I could come here without hesitation.","Thanks to the map you drew me the other day, I managed to get here without getting los"t.
"I thanks to be drew a map,I could come here soon.","Thanks to the map you drew me the other day, I managed to get here without getting los"t.
"I can't recognize Bob because of change when I met him in the class.","Bob had changed a lot, so when I saw him at a class reunion, I dind't recognize him."
"Bob changed a lot, so I didn't recognize him when seeing him in the previous lesson.","Bob had changed a lot, so when I saw him at a class reunion, I dind't recognize him."
"When I met Bob last class reunion, he changed a lot so I didn't recognize him.","Bob had changed a lot, so when I saw him at a class reunion, I dind't recognize him."
"Bob was so different, I didn't realize him when I met him in the previous classroom.","Bob had changed a lot, so when I saw him at a class reunion, I dind't recognize him."
"I do not know Bob after classroom because he is very change.","Bob had changed a lot, so when I saw him at a class reunion, I dind't recognize him."
"I have studied mas until 4 o`clock,I am verry sllepy.","I stayed up till four last night preparing for the math lesson, so I feel very sleepy."
"I stayed up until 4 o'clock yesterday because I was busy preparing for math, so I'm very sleepy.","I stayed up till four last night preparing for the math lesson, so I feel very sleepy."
"I'm very sleepy because I stayed up until 4 o'clock to prepare math.","I stayed up till four last night preparing for the math lesson, so I feel very sleepy."
"As I prepared for the math class hard until 4 am, I'm very sleepy.","I stayed up till four last night preparing for the math lesson, so I feel very sleepy."
"I'm very sleepy because I had woken until 4 AM to do pre-study of math yesterday.","I stayed up till four last night preparing for the math lesson, so I feel very sleepy."
"I have nothing now even I already read nobel book yeasterday from librally.","I've finished reading the novel I borrowed from the library yesterday, so now I have n"othing to do.
"I finished reading the novel I borrowed from the library yesterday, so I have nothing to do now.","I've finished reading the novel I borrowed from the library yesterday, so now I have n"othing to do.
"As I finished reading a book borrowed from the library yesterday, I have nothing to do now.","I've finished reading the novel I borrowed from the library yesterday, so now I have n"othing to do.
"I finished reading the novel when I rent yesterday, I have nothing to do now.","I've finished reading the novel I borrowed from the library yesterday, so now I have n"othing to do.
"I've finished reading the novel that I borrowed from the liblary, so I have no things to do.","I've finished reading the novel I borrowed from the library yesterday, so now I have n"othing to do.
"Some of the students to use the library, as if they were in the coffee shop.","Some students coming to the library act as if they are in a coffee shop."
"There is a student who come to the library , behave in the coffee shop .","Some students coming to the library act as if they are in a coffee shop."
"There are some students coming to library, who behave as if being in a cafe.","Some students coming to the library act as if they are in a coffee shop."
"Some students coming to the library act like as if they are in a café.","Some students coming to the library act as if they are in a coffee shop."
"Some students who come to the library behave as like in tearoom.","Some students coming to the library act as if they are in a coffee shop."
"When I was a child, I used to wish my house had been a little bigger.","When I was a child, I often wished my house were a little larger."
"I wish I have a little wide house in childhood.","When I was a child, I often wished my house were a little larger."
"At the age of my childhood, I thought that it would be better if my house was a little bigger one.","When I was a child, I often wished my house were a little larger."
"When I was a child, I would have wished that my house were more spacious.","When I was a child, I often wished my house were a little larger."
"When I was a child, I often thought that if my house was big a little.","When I was a child, I often wished my house were a little larger."
"I want joying helping victims as vollunter.","I'd like to work as a volunteer helping victims of natural disasters, such as floods o"r earthquakes.
"I would like to do a volunteer for supporting people who are suffering from natural disaster, such as high tide or earthquake.","I'd like to work as a volunteer helping victims of natural disasters, such as floods o"r earthquakes.
"I want to act to help people      and earthquake.","I'd like to work as a volunteer helping victims of natural disasters, such as floods o"r earthquakes.
"I would like to work as a volunteer to help victims of floods and earthquakes.","I'd like to work as a volunteer helping victims of natural disasters, such as floods o"r earthquakes.
"I want to be bolantere helping","I'd like to work as a volunteer helping victims of natural disasters, such as floods o"r earthquakes.
"Though Tom has good drums , he doesn't allow to use others.","Tom has nice drums, and he never lets anyone else play them."
"Tom has a great drum, but he doesn't want anyone to use it.","Tom has nice drums, and he never lets anyone else play them."
"Tom has an excellent drum but he doesn't allow anyone to use it.","Tom has nice drums, and he never lets anyone else play them."
"Tom has fine drams but he does not allow anyone to use it.","Tom has nice drums, and he never lets anyone else play them."
"Tom have a excerent drum but he don't use anyone.","Tom has nice drums, and he never lets anyone else play them."
"I thought Tom said joking,after that he was thlious.","At first I thought Tom was joking, but later I realized he was serious."
"At first, I thought Tom told a joke, but later I found out he was serious.","At first I thought Tom was joking, but later I realized he was serious."
"At first, I thoght Tom said joke, but later I realized he was serious.","At first I thought Tom was joking, but later I realized he was serious."
"At first, I thought that he was joking, but I later I realized he was serious.","At first I thought Tom was joking, but later I realized he was serious."
"Firstly I supposed Tom said joke, but after that, I found out he was serious.","At first I thought Tom was joking, but later I realized he was serious."
"I had tyring to make Itary first time this Sunday,I could make dellisiou.","Last Sunday I tried making some Italian food for the first time, and it was delicious." 
"Last Sunday, I tried to cook Italian food for the first time in my life and it was very delicious.","Last Sunday I tried making some Italian food for the first time, and it was delicious." 
"Last sunday, I tried to cook Italian food for the first time in my life and I succeeded.","Last Sunday I tried making some Italian food for the first time, and it was delicious." 
"Last Sunday, I tried to cook Italian even for the first time though, those were quite tasty.","Last Sunday I tried making some Italian food for the first time, and it was delicious." 
"Last Sunndy, I tried to cook italian and it was the first time for me. It was very delisious.","Last Sunday I tried making some Italian food for the first time, and it was delicious." 
"I said to sorry to late to An,thought She was upset.","I apologized to Ann for being late, but she didn't forgive me."
"I apologized to Ann for being late, but she wouldn't forgive me.","I apologized to Ann for being late, but she didn't forgive me."
"Although I apologized to Ann about being late, she didn't forgive me.","I apologized to Ann for being late, but she didn't forgive me."
"I made an appologies for being late to Anne, but she didn't forgive me.","I apologized to Ann for being late, but she didn't forgive me."
"Anne did not allow me even though I appologized my delay.","I apologized to Ann for being late, but she didn't forgive me."
"Every day, I have no time to go to the movies because I am so busy to do household chores.","I'm so busy doing the housework every day that I have no time to see a movie."
"I don't have time to watch movie because I'm busy housework every day","I'm so busy doing the housework every day that I have no time to see a movie."
"I am so busy with house work everyday that I don't have the chance to go to the movies.","I'm so busy doing the housework every day that I have no time to see a movie."
"As I'm tied up with housechores everyday, I don't have time to go to see the movies.","I'm so busy doing the housework every day that I have no time to see a movie."
"There is no time to go to the theather because I'm very busy to work in my home.","I'm so busy doing the housework every day that I have no time to see a movie."
"This wood desk is too heavy to move to upstair by myself.","This wooden desk is too heavy for me to carry upstairs alone."
"This wood desk is heavy, so it is hard to carry up to second floor by myself.","This wooden desk is too heavy for me to carry upstairs alone."
"This wooden desk is so heavy that I can't bring it up to the second floor.","This wooden desk is too heavy for me to carry upstairs alone."
"I alone am not able to bring this table to 2nd floor because it is very heavy.","This wooden desk is too heavy for me to carry upstairs alone."
"The desk of wood do not carry by sesond floor only me because it is heavy.","This wooden desk is too heavy for me to carry upstairs alone."
"I had sad that met many japanese tourlisets during Eourope trip.","While traveling in Europe,I was disappointed that wherever I went, there were many Jap"anese tourists.
"During my trip to Europe, I felt bored because I met Japanese wherever I went.","While traveling in Europe,I was disappointed that wherever I went, there were many Jap"anese tourists.
"I was dassapointed during my trip to Europe, because I met many Japanese tourists everywhere I visited.","While traveling in Europe,I was disappointed that wherever I went, there were many Jap"anese tourists.
"During my trip in Europe, I felt bored of seeing many tourists from Japan wherever countries I visited.","While traveling in Europe,I was disappointed that wherever I went, there were many Jap"anese tourists.
"During my trip to Europe, I was bored because I met many Japanese tourists whenever I go.","While traveling in Europe,I was disappointed that wherever I went, there were many Jap"anese tourists.
"I was very happy to see my mother go to the office wearing the earrings that I gave to her.","I was very happy when I saw my mother going to work wearing the earrings I had bought "her.
"I was happy to see my mother to go to the office with earring I presented.","I was very happy when I saw my mother going to work wearing the earrings I had bought "her.
"I was happy to see my mother wearing the earings that I gave her when she went to work.","I was very happy when I saw my mother going to work wearing the earrings I had bought "her.
"I was very happy to see a my mother wear I gave her earrings go to work.","I was very happy when I saw my mother going to work wearing the earrings I had bought "her.
"I was very happy to see that mother putting ear rings which I presented went to the company.","I was very happy when I saw my mother going to work wearing the earrings I had bought "her.
"It is no understand that schools upply for studys only.","If you expect that schools only teach academic subjects, then this proves that you don"'t understand what schools are for.
"That you think school is a place where we only studyis evidence that you don't understand the role of school.","If you expect that schools only teach academic subjects, then this proves that you don"'t understand what schools are for.
"To regard the schools as the places where they teach you only subjects will proof that you don't understand the roles of schools.","If you expect that schools only teach academic subjects, then this proves that you don"'t understand what schools are for.
"It is the proof of misunderstanding the role of the school to think only teaching the study in school.","If you expect that schools only teach academic subjects, then this proves that you don"'t understand what schools are for.
"It is not proof that school teach only studying","If you expect that schools only teach academic subjects, then this proves that you don"'t understand what schools are for.
"Most of Japanese spend their time with work to live.","Most Japanese people spend most of their time working to live."
"Most Jaopanese people spended most of their time working to live.","Most Japanese people spend most of their time working to live."
"Most Japanese spend their large part of time to work to live.","Most Japanese people spend most of their time working to live."
"Most Japanese spend most of their time to work to live.","Most Japanese people spend most of their time working to live."
"Most of Japanese, they cost a lot of time working to live.","Most Japanese people spend most of their time working to live."
"Japanese usually express their feelings as indirectly as possible so as not to hurt others.","Japansse people usually express their feelings as indirectly as possible so that they "won't offend others.
"Japanese always express without immindiately not to indure otherperson.","Japansse people usually express their feelings as indirectly as possible so that they "won't offend others.
"Japanese generally try to express their feelings as indirectly as possible in order to not hurt others.","Japansse people usually express their feelings as indirectly as possible so that they "won't offend others.
"It's normal for Japanese people to express their feelings indirectly for the purpose of not making others feel bad.","Japansse people usually express their feelings as indirectly as possible so that they "won't offend others.
"Many Japanease express their feelings as indirectly as possible not to hurt others.","Japansse people usually express their feelings as indirectly as possible so that they "won't offend others.
"The increase in atmospheric CO2 is closely related to global warming.","The increase in the amout of CO2 in the atomosphere is closely connected with global w"arming.
"Increase of CO2 is closely related with Earth hottering.","The increase in the amout of CO2 in the atomosphere is closely connected with global w"arming.
"The increase of CO2 in the air is closely related in the global warming.","The increase in the amout of CO2 in the atomosphere is closely connected with global w"arming.
"closely related to global warming","The increase in the amout of CO2 in the atomosphere is closely connected with global w"arming.
"The CO2 increasing in the air is colsely related to the warming up of the earth.","The increase in the amout of CO2 in the atomosphere is closely connected with global w"arming.
"It is very intersting 100 times to watch baseball studium than TV .","Professional baseball is far more exciting at a stadium than in TV."
"It is 100 times more interesting to watch professional baseball game in a stadium than watching it on TV.","Professional baseball is far more exciting at a stadium than in TV."
"Watching baseball games in the excite you 100 times more than doing it on TV.","Professional baseball is far more exciting at a stadium than in TV."
"Pro baseball game is 100 times more interesting to watch at the stadium than to watch it on TV.","Professional baseball is far more exciting at a stadium than in TV."
"Professinal baseball is watch a beseball stadium more 100 interest than watch TV.","Professional baseball is far more exciting at a stadium than in TV."
"This motorcycle is about twice as expensive in England as in Japan.","This motorbike is about twice as expensive in the U.K as in Japan."
"In England, this bike is twice as expensive as in Japan.","This motorbike is about twice as expensive in the U.K as in Japan."
"This motorcycle costs in UK approximately twice as expensive as buying in Japan.","This motorbike is about twice as expensive in the U.K as in Japan."
"This price of this motorcycle is twice as much as it is in Japan.","This motorbike is about twice as expensive in the U.K as in Japan."
"This bike is about twice as expensive in the UK as in Japan.","This motorbike is about twice as expensive in the U.K as in Japan."
"It is getting worse reading books, but it is no curious for young people.","Just because young people today read less than they used to, it doesn't always follow "that they are less eager to learn.
"Even if the amount of reading books decreased, it couldn't prove that younger generation lost their wants towards wisdom.","Just because young people today read less than they used to, it doesn't always follow "that they are less eager to learn.
"The less reading books young people doesn't mean they don't have less intellectual interests.","Just because young people today read less than they used to, it doesn't always follow "that they are less eager to learn.
"The decreased volume of reading the book is not linked to the decreased inteligent intend of current young people.","Just because young people today read less than they used to, it doesn't always follow "that they are less eager to learn.
"Latest younger people is not a little wanting of interigent because they read a few book","Just because young people today read less than they used to, it doesn't always follow "that they are less eager to learn.
"Entrance examination I tried yesterday is more difficult that I thought .","Frankly speaking, the entrance exams I took yesterday were far more difficult than I h"ad expected.
"Frankly speaking, the exam I took yesterday was much more difficult than T thought.","Frankly speaking, the entrance exams I took yesterday were far more difficult than I h"ad expected.
"To be frank, the entrance exam I took yesterday were far more difficult than I had thought.","Frankly speaking, the entrance exams I took yesterday were far more difficult than I h"ad expected.
"Honestly, the entrance exam I took yesterday is much harder than I expected.","Frankly speaking, the entrance exams I took yesterday were far more difficult than I h"ad expected.
"Flankely speaking,It was more difficult than I think to do admission exam yesterday","Frankly speaking, the entrance exams I took yesterday were far more difficult than I h"ad expected.
"There is a country which has a lot of foods in the world.On the other hands, there is a country ten thousands of children die without any food.","In some countries people have too much food, while in others tens of thousands of chil"dren are starving.
"In some countries, there is a extra food, in others, tens of thousands of children suffer from starving and die.","In some countries people have too much food, while in others tens of thousands of chil"dren are starving.
"Some countries have plenty of foods, and some countries have thousands of famine children to die.","In some countries people have too much food, while in others tens of thousands of chil"dren are starving.
"In the world, there is the country which has enough food, on the other hand, there is the country where several ten thousand children died by poor food.","In some countries people have too much food, while in others tens of thousands of chil"dren are starving.
"All over the world,a lot of food is existing countries but million of children is dying countries.","In some countries people have too much food, while in others tens of thousands of chil"dren are starving.
"You can`t be diet,if you count collury.","However much exercise you get, you won't lose weight unless you count your calories."
"As long as you don't caliculate the colorie of what you eat, workout doesn't work out for your diet.","However much exercise you get, you won't lose weight unless you count your calories."
"How much you exercise, it doesn't work unless you calculate calories you take.","However much exercise you get, you won't lose weight unless you count your calories."
"No matter how much you do exercise, you can't lose weight unless you calculate calories.","However much exercise you get, you won't lose weight unless you count your calories."
"To exersise,you cannot decline weight ,so you calculate caloly.","However much exercise you get, you won't lose weight unless you count your calories."
"Some people in japanese tourist go out with a lot of money in their pocket of pants .","Some Japanese tourists lack common sense and carry a lot of cash in their backpockets."
"There are Japanese tourists don't have common sense putting their wallets with bunch of money in their backpocket of  their trousers.","Some Japanese tourists lack common sense and carry a lot of cash in their backpockets."
"Some Japanese tourists have much cash in the back pockets of their trousers carelessly.","Some Japanese tourists lack common sense and carry a lot of cash in their backpockets."
"It is out of common sense that someone in Japanese visitors bring much money in the behind poket of their slacs.","Some Japanese tourists lack common sense and carry a lot of cash in their backpockets."
"Japanese tourists are walk to having a lot of money in their pocket.","Some Japanese tourists lack common sense and carry a lot of cash in their backpockets."
"It is keeping health that having good meals and taking exasise useally.","In order to stay healthy, you should have a balanced diet and get regular exercise."
"The secrets to keep health is eating good balanced food and exercising periodically.","In order to stay healthy, you should have a balanced diet and get regular exercise."
"The key point to stay healty is to eat a balanced meal and exercise regularly.","In order to stay healthy, you should have a balanced diet and get regular exercise."
"The secret to keeping healthy, to eat balanced diet and to exercise regularly.","In order to stay healthy, you should have a balanced diet and get regular exercise."
"The key to keeping healthy is to eat a balanced meal and exercise regularly.","In order to stay healthy, you should have a balanced diet and get regular exercise."
"I was surpraise that japan`s city has many neon even gone to abroad.","It is not until you go abroad that you realize how many neon lighs there are in big Ja"panese cities.
"It's only when you go abroad that you realize the big cities of Japan have many illumination.","It is not until you go abroad that you realize how many neon lighs there are in big Ja"panese cities.
"We hardly notice that there are many neon signs in Japanese large city areas before going to foreign countries.","It is not until you go abroad that you realize how many neon lighs there are in big Ja"panese cities.
"For the first time when I go abroad, I notice that the big cities of Japan have many neon lights.","It is not until you go abroad that you realize how many neon lighs there are in big Ja"panese cities.
"To first go abroad, it notice a lot of neon primary city of japan.","It is not until you go abroad that you realize how many neon lighs there are in big Ja"panese cities.
"I am worrid that could be speccilly even japanese people could speak English.","It is a pity that many Japanese people mistakenly believe that they have only to speak" English to be internationally-minded.
"It's a pity that many Japanese misunderstand that they can become international as long as they can speak English.","It is a pity that many Japanese people mistakenly believe that they have only to speak" English to be internationally-minded.
"It is too bad that many Japanese people think that if they can speak English, they can become an international person.","It is a pity that many Japanese people mistakenly believe that they have only to speak" English to be internationally-minded.
"Many Japanese people misunderstand that if only they speak English, they can be seen as international figure.","It is a pity that many Japanese people mistakenly believe that they have only to speak" English to be internationally-minded.
"There are many Japanese people who misunderstand that they become international people, only if they are able to speak English.","It is a pity that many Japanese people mistakenly believe that they have only to speak" English to be internationally-minded.
"It say that no relligion for seven of ten for young people.","It is said that seven out of ten young Japanse people don't believe in religion."
"It is said that 7 our of 10 young people from Japan don't have religion.","It is said that seven out of ten young Japanse people don't believe in religion."
"It is said that 7 young people in 10 totally don't have religious beliefs.","It is said that seven out of ten young Japanse people don't believe in religion."
"It is said that seven in ten Japanese young people is non-religious.","It is said that seven out of ten young Japanse people don't believe in religion."
"it is said that 70 persents of younger Japanese are no.","It is said that seven out of ten young Japanse people don't believe in religion."
